{
	"info": {
		"_postman_id": "b411be8e-cba6-4d9e-b6dc-de55efbdfced",
		"name": "Troubleshooting",
		"schema": "https://schema.getpostman.com/json/collection/v2.1.0/collection.json"
	},
	"item": [
		{
			"name": "Put Account Balance Account 111",
			"request": {
				"method": "PUT",
				"header": [],
				"body": {
					"mode": "raw",
					"raw": "{\r\n    \"account\": \"111\",\r\n    \"amount\": 200\r\n}",
					"options": {
						"raw": {
							"language": "json"
						}
					}
				},
				"url": {
					"raw": "{{URL_GATEWAY}}/account-balance",
					"host": [
						"{{URL_GATEWAY}}"
					],
					"path": [
						"account-balance"
					]
				}
			},
			"response": []
		},
		{
			"name": "Put Account Balance Account 222",
			"request": {
				"method": "PUT",
				"header": [],
				"body": {
					"mode": "raw",
					"raw": "{\r\n    \"account\": \"222\",\r\n    \"amount\": 10000.0\r\n}",
					"options": {
						"raw": {
							"language": "json"
						}
					}
				},
				"url": {
					"raw": "{{URL_GATEWAY}}/account-balance",
					"host": [
						"{{URL_GATEWAY}}"
					],
					"path": [
						"account-balance"
					]
				}
			},
			"response": []
		},
		{
			"name": "Post Transferencia",
			"request": {
				"method": "POST",
				"header": [],
				"body": {
					"mode": "raw",
					"raw": "{\r\n    \"accountFrom\": \"111\",\r\n    \"accountTo\": \"222\",\r\n    \"amount\": 200.0\r\n}",
					"options": {
						"raw": {
							"language": "json"
						}
					}
				},
				"url": {
					"raw": "{{URL_GATEWAY}}/transfer",
					"host": [
						"{{URL_GATEWAY}}"
					],
					"path": [
						"transfer"
					]
				}
			},
			"response": []
		}
	]
}